{
    "rekep_state": 0,
    "joint_info": {
        "joint_positions": [
            0.020497748628258705,
            -0.5869194269180298,
            -0.017833584919571877,
            -2.518463134765625,
            0.021260758861899376,
            1.9048082828521729,
            0.01627216674387455
        ],
        "reset_joint_pos": [
            2.91981219e-05,
            2.61886506e-01,
            3.14157561e+00,
            4.01416434e+00,
            6.28318477e+00,
            9.59861580e-01,
            1.57081577e+00
        ]
    },
    "ee_info": {
        "position": [
            0.5786116123199463,
            0.004175195470452309, 
            0.43876099586486816
        ],
        "orientation": [
            0.48666959,
            0.50597391,
            0.49965841,
            0.50742939
        ]
    },
    "gripper_info": {
        "state": 0.0
    },
    "safety_info": {
        "collision_status": "false",
        "safety_status": "normal",
        "errors": []
    },
    "control_info": {
        "control_mode": "position",
        "operation_mode": "auto"
    },
    "misc": {
        "world2robot_homo": [
            [
                1,
                0,
                0,
                0
            ],
            [
                0,
                1,
                0,
                0
            ],
            [
                0,
                0,
                1,
                0
            ],
            [
                0.0,
                0.0,
                0.0,
                1.0
            ]
        ],
        "cam2robot_homo": [
            [
                0,
                0.37460659,
                -0.92718385,
                1.75
            ],
            [
                1,
                0,
                0,
                0.08
            ],
            [
                0,
                -0.92718385,
                -0.37460659,
                0.37
            ],
            [
                0.0,
                0.0,
                0.0,
                1.0
            ]
        ]
    }
}
